spotsID,scenicSpots,url,diariesCount
guangdong228,广东,d-guangdong228.html,1823
zhejiang96,浙江,d-zhejiang96.html,3217
shandong159,山东,d-shandong159.html,925
yunnan312,云南,d-yunnan312.html,1760
jiangsu80,江苏,d-jiangsu80.html,2638
fujian135,福建,d-fujian135.html,1585
sichuan278,四川,d-sichuan278.html,1572
hunan212,湖南,d-hunan212.html,883
hubei198,湖北,d-hubei198.html,522
hebei3,河北,d-hebei3.html,1918
anhui118,安徽,d-anhui118.html,696
henan179,河南,d-henan179.html,690
hainan267,海南,d-hainan267.html,1214
guangxi251,广西,d-guangxi251.html,941
jiangxi145,江西,d-jiangxi145.html,430
shanxi15,山西,d-shanxi15.html,368
neimenggu27,内蒙古,d-neimenggu27.html,1003
guizhou300,贵州,d-guizhou300.html,544
xizang331,西藏,d-xizang331.html,555
zhongguotaiwan401,台湾,d-zhongguotaiwan401.html,491
taiguo3542,泰国,d-taiguo3542.html,768
riben3543,日本,d-riben3543.html,1017
xinjiapo3569,新加坡,d-xinjiapo3569.html,169
malaixiya3570,马来西亚,d-malaixiya3570.html,326
maerdaifu3546,马尔代夫,d-maerdaifu3546.html,209
yuenan3624,越南,d-yuenan3624.html,328
jianpuzhai3623,柬埔寨,d-jianpuzhai3623.html,216
niboer3626,尼泊尔,d-niboer3626.html,159
feilvbin3576,菲律宾,d-feilvbin3576.html,234
alianqiu3575,阿联酋,d-alianqiu3575.html,26
tuerqi3574,土耳其,d-tuerqi3574.html,115
sililanka3656,斯里兰卡,d-sililanka3656.html,73
miandian3872,缅甸,d-miandian3872.html,76
yindu3627,印度,d-yindu3627.html,181
wenlai3616,文莱,d-wenlai3616.html,10
yilang203280,伊朗,d-yilang203280.html,67
faguo3559,法国,d-faguo3559.html,240
yidali3562,意大利,d-yidali3562.html,132
deguo3561,德国,d-deguo3561.html,127
ruishi3560,瑞士,d-ruishi3560.html,159
helan3635,荷兰,d-helan3635.html,65
yingguo3558,英国,d-yingguo3558.html,213
aodili3637,奥地利,d-aodili3637.html,60
bilishi3753,比利时,d-bilishi3753.html,1
xibanya3636,西班牙,d-xibanya3636.html,131
eluosi3638,俄罗斯,d-eluosi3638.html,140
xila3634,希腊,d-xila3634.html,59
jieke3795,捷克,d-jieke3795.html,9
xiongyali3799,匈牙利,d-xiongyali3799.html,17
putaoya3798,葡萄牙,d-putaoya3798.html,22
aierlan3913,爱尔兰,d-aierlan3913.html,14
bingdao3614,冰岛,d-bingdao3614.html,37
maoliqiusi3629,毛里求斯,d-maoliqiusi3629.html,59
aiji3572,埃及,d-aiji3572.html,75
kenniya3630,肯尼亚,d-kenniya3630.html,62
saisheer3707,塞舌尔,d-saisheer3707.html,25
moluoge3650,摩洛哥,d-moluoge3650.html,46
madajiasijia3741,马达加斯加,d-madajiasijia3741.html,2
meiguo3571,美国,d-meiguo3571.html,738
jianada3651,加拿大,d-jianada3651.html,10
moxige3701,墨西哥,d-moxige3701.html,17
guba3702,古巴,d-guba3702.html,26
baxi3703,巴西,d-baxi3703.html,13
bilu3700,秘鲁,d-bilu3700.html,8
aodaliya3596,澳大利亚,d-aodaliya3596.html,520
xinxilan3597,新西兰,d-xinxilan3597.html,188
feiji3628,斐济,d-feiji3628.html,20
